image_id,contrast,Vegetation_area,terrain_area,bench_conf,bicycle_count,confidence,bicycle_conf
1.png,70.89068083975474,0.0,0.0,0.0,0,0.9281,0.0
2.png,88.63968816690787,53.0643310546875,4.525390625,0.0,0,0.9285,0.0
3.png,78.15940249143519,29.9034423828125,7.463867187500001,0.0,0,0.9303,0.0
4.png,78.02224818393076,32.726318359375,5.838623046875,0.0,0,0.9252,0.0
5.png,68.87059480448917,21.3826904296875,11.98583984375,0.0,0,0.9013,0.0
6.png,74.48695776668043,2.080322265625,0.0,0.0,2,0.9,0.5429766178131104
7.png,69.9927792244716,1.406494140625,0.613037109375,0.9155704975128174,0,0.9196,0.0
8.png,70.5598437106533,0.441650390625,0.0,0.0,0,0.9312,0.0
9.png,68.3370600501128,0.00732421875,0.0,0.0,0,0.9182,0.0
10.png,72.80803087334985,17.4366455078125,0.0,0.0,1,0.906,0.9261987209320068
11.png,78.14863177481944,6.7642822265625,0.0,0.0,1,0.9217,0.522289514541626
12.png,75.40601609710883,0.0111083984375,0.0,0.0,4,0.9003,0.5663743615150452
13.png,85.27734825272303,0.1678466796875,0.0,0.0,6,0.9114,0.8851132988929749
14.png,81.02771691378763,0.2308349609375,0.0087890625,0.0,4,0.8612,0.9162965416908264
15.png,77.74596346154665,33.4908447265625,6.7230224609375,0.0,0,0.9226,0.0
16.png,69.69015718853232,14.1531982421875,14.802734375000002,0.0,0,0.9309,0.0
17.png,71.10549684011325,23.720703125,2.633056640625,0.0,0,0.9237,0.0
18.png,71.41497954967863,7.452880859375,0.05725097656250001,0.0,0,0.9117,0.0
19.png,80.62962628473981,2.9375,0.0025634765625,0.0,0,0.9005,0.0
20.png,81.58389301290956,1.0966796875,0.0,0.0,0,0.9272,0.0
21.png,84.801208038584,3.1201171875,0.00146484375,0.0,2,0.4469,0.8651622533798218
22.png,69.02171280233951,2.3519287109375,0.0,0.33563339710235596,0,0.9192,0.0
23.png,72.06423983863888,2.126220703125,0.0,0.0,0,0.9253,0.0
24.png,87.9354532256453,9.4036865234375,0.0,0.0,0,0.9091,0.0
25.png,73.34880686283185,0.0,0.0,0.0,1,0.9198,0.82225501537323
26.png,63.41673025073363,10.96337890625,0.0,0.47777259349823,0,0.9202,0.0
27.png,68.09478908249791,15.1759033203125,0.3675537109375,0.0,0,0.9286,0.0
28.png,54.241430883307196,1.5974121093750002,5.0087890625,0.0,0,0.9238,0.0
29.png,82.71629699328892,25.404052734375,1.6158447265625,0.0,0,0.888,0.0
30.png,81.2388308929689,36.496826171875,4.0457763671875,0.0,0,0.8942,0.0
31.png,82.98124642591085,15.3721923828125,7.434936523437501,0.0,1,0.9073,0.91756671667099
32.png,74.21310793842333,0.0997314453125,0.0,0.0,2,0.9262,0.9290417432785034
33.png,69.24674446033268,0.0,0.0,0.0,2,0.9295,0.9207301139831543
34.png,62.250186404202665,0.0751953125,0.00048828125,0.2893746495246887,2,0.9226,0.9150044322013855
35.png,75.89059783318224,26.180908203124996,0.0,0.2509620785713196,0,0.9211,0.0
36.png,86.91603174506719,42.1932373046875,0.2333984375,0.0,0,0.9225,0.0
37.png,83.13169301422334,46.3406982421875,0.0,0.0,0,0.9243,0.0
38.png,86.38530750834649,7.5836181640625,0.0,0.0,0,0.9196,0.0
39.png,81.41835766289064,3.54248046875,0.0,0.0,0,0.9279,0.0
40.png,80.99008170070996,11.109619140625,0.0,0.0,0,0.9332,0.0
41.png,95.34094422763225,42.11767578125,0.0050048828125,0.0,0,0.8863,0.0
42.png,78.91375149613445,0.1141357421875,0.0,0.0,0,0.925,0.0
43.png,73.96203669539815,13.571533203125,22.2843017578125,0.4884161651134491,0,0.9288,0.0
44.png,86.40890891491493,41.5428466796875,13.771118164062502,0.0,0,0.9159,0.0
45.png,72.90171184313076,0.0,23.4095458984375,0.8482759594917297,0,0.9273,0.0
46.png,85.41163326612777,35.4002685546875,19.92236328125,0.0,0,0.9164,0.0
47.png,73.61248712489996,9.302978515625,22.8106689453125,0.4083956182003021,0,0.9274,0.0
48.png,68.7041914276786,4.605224609375,18.538330078125,0.0,0,0.8984,0.0
49.png,72.83725372515758,0.0,17.3101806640625,0.0,0,0.9159,0.0
50.png,76.58209995901979,0.029052734375,0.0,0.0,3,0.9008,0.9234722852706909
51.png,74.65885271888688,0.216064453125,0.0,0.0,0,0.9159,0.0
52.png,74.59505931224889,0.0,0.0,0.0,2,0.9144,0.4957050383090973
53.png,78.83224925727313,0.0,0.0,0.0,0,0.9159,0.0
54.png,88.34102226368495,6.746337890625,0.0,0.0,0,0.9023,0.0
55.png,80.4990351620686,17.46337890625,0.0,0.0,0,0.9223,0.0
56.png,78.96285965057615,24.9703369140625,4.904541015625,0.0,0,0.8887,0.0
57.png,79.17436992573381,39.0908203125,1.8089599609375,0.0,0,0.8933,0.0
58.png,82.818450267594,8.3798828125,36.11962890625,0.0,0,0.9043,0.0
59.png,83.52923131139644,84.791748046875,9.984619140625,0.0,0,0.8778,0.0
60.png,78.71575643951554,0.9197998046874999,0.0,0.0,0,0.9268,0.0
61.png,88.92428534402065,41.7110595703125,0.0,0.0,0,0.9216,0.0
62.png,85.30087080461536,45.1507568359375,0.0,0.0,0,0.9265,0.0
63.png,85.39065855628692,44.627197265625,0.0,0.0,0,0.9292,0.0
64.png,86.46699450350533,40.2281494140625,0.0,0.0,0,0.8819,0.0
65.png,81.78047527394544,0.0086669921875,0.056396484375,0.0,0,0.9262,0.0
66.png,82.10302339105253,29.227539062500004,2.370849609375,0.675457775592804,1,0.9173,0.4979259967803955
67.png,92.62798329293184,48.3895263671875,12.5830078125,0.0,4,0.8696,0.47755321860313416
68.png,74.04312526209218,24.829345703125,1.0498046875,0.0,0,0.9298,0.0
69.png,77.71617503406951,12.4127197265625,0.4251708984375,0.0,0,0.9223,0.0
70.png,63.743384290432104,9.1044921875,3.1817626953124996,0.0,0,0.9145,0.0
71.png,77.61216087730125,24.03173828125,1.270751953125,0.0,0,0.9146,0.0
72.png,61.16434768518038,11.9771728515625,2.2794189453125,0.282748818397522,0,0.9354,0.0
73.png,73.22711094329249,18.6187744140625,5.2479248046875,0.5227646827697754,0,0.9341,0.0
74.png,69.1116686671105,8.966064453125,3.1737060546875,0.6970342397689819,0,0.9329,0.0
75.png,58.3691789959229,13.3206787109375,2.017822265625,0.0,0,0.9337,0.0
76.png,53.81797510806492,0.5322265625,0.0,0.0,1,0.9294,0.9205631017684937
77.png,58.20180149715931,1.767333984375,0.0,0.0,1,0.914,0.911999523639679
78.png,80.57376919173737,6.11669921875,1.7193603515625,0.0,1,0.9336,0.9217429161071777
79.png,80.88504870954407,9.3067626953125,0.16650390625,0.0,1,0.9323,0.9129700660705566
80.png,63.72011575047874,2.4981689453125,1.7432861328125,0.0,0,0.9249,0.0
81.png,69.86058713206795,40.53173828125,5.6676025390625,0.410513699054718,0,0.8939,0.0
82.png,97.12496512081341,36.4093017578125,0.000732421875,0.0,0,0.916,0.0
83.png,95.7719547345565,41.5633544921875,0.1348876953125,0.9027928709983826,0,0.8975,0.0
84.png,89.21152271248371,21.5162353515625,0.0,0.0,0,0.8897,0.0
85.png,84.05981471332659,13.224487304687498,0.0052490234375,0.0,0,0.8838,0.0
86.png,89.98480605087221,0.1234130859375,0.0,0.0,0,0.9142,0.0
87.png,76.80138965118424,29.5196533203125,1.5394287109375,0.0,1,0.9173,0.7359074950218201
88.png,75.98945916626923,27.669433593749996,0.8601074218749999,0.0,2,0.7948,0.8951860666275024
89.png,79.94385922306672,22.974365234375,17.892578125,0.0,2,0.8597,0.880108654499054
90.png,77.78654464612826,27.725097656249996,17.7691650390625,0.0,2,0.8926,0.6162935495376587
91.png,79.19886474377527,30.712646484375,7.125244140625001,0.0,0,0.9222,0.0
92.png,74.5770274334506,16.330078125,25.552734375000004,0.0,0,0.9298,0.0
93.png,73.986431136564,17.6312255859375,10.4324951171875,0.0,0,0.9223,0.0
94.png,78.27933945461263,29.212158203125,6.0455322265625,0.0,0,0.9139,0.0
95.png,83.26716890445549,0.0,0.0,0.0,0,0.9109,0.0
96.png,88.34179600324971,0.39343261718749994,1.6951904296875,0.0,1,0.9195,0.25573283433914185
97.png,91.08153082317328,67.732177734375,0.30615234375,0.0,1,0.8807,0.6410162448883057
98.png,91.17249122072522,50.09533691406251,19.820068359375,0.0,0,0.9066,0.0
99.png,88.19351253697674,44.8134765625,22.3916015625,0.0,0,0.912,0.0
100.png,83.23060671096401,44.9842529296875,16.39599609375,0.0,0,0.9177,0.0
101.png,77.6570006783061,42.4320068359375,18.3067626953125,0.0,0,0.9028,0.0
102.png,67.71791782261613,15.8228759765625,8.8717041015625,0.0,0,0.9128,0.0
103.png,63.05528048904703,3.028076171875,21.1060791015625,0.0,0,0.8847,0.0
104.png,77.8581599129218,33.3426513671875,2.3470458984375,0.0,0,0.9261,0.0
105.png,75.17901014088136,24.6473388671875,6.715942382812499,0.0,0,0.9205,0.0
106.png,77.08336754240047,4.5601806640625,4.2183837890625,0.0,0,0.9301,0.0
107.png,71.76706297100412,7.4019775390625,0.0,0.0,1,0.923,0.9074422121047974
108.png,71.60517743188952,5.27392578125,0.0091552734375,0.0,1,0.9359,0.35512596368789673
109.png,83.71435313337327,0.0,0.0,0.0,0,0.9139,0.0
110.png,84.40902466608844,0.0,0.0,0.0,1,0.918,0.25584810972213745
111.png,75.27172607026064,2.0478515625,0.0,0.0,1,0.7817,0.9267221093177795
112.png,83.5302530635372,3.579833984375,0.0,0.0,4,0.8567,0.8651986718177795
113.png,78.15409958115333,6.5093994140625,0.0198974609375,0.0,0,0.9313,0.0
114.png,73.25246276797239,17.1444091796875,10.78662109375,0.0,0,0.9138,0.0
115.png,79.12644052942467,37.89404296875,17.0618896484375,0.0,0,0.8912,0.0
116.png,79.00298333381305,18.5655517578125,12.0230712890625,0.0,0,0.919,0.0
117.png,85.66494539482333,0.720947265625,0.0,0.0,0,0.931,0.0
118.png,83.62244273607061,1.194580078125,0.0,0.0,0,0.93,0.0
119.png,53.44163533291338,1.8138427734375,36.6580810546875,0.0,2,0.9035,0.4101274013519287
120.png,67.40837982553647,0.39428710937499994,16.67236328125,0.8802275061607361,1,0.9018,0.8322534561157227
121.png,40.66404668220614,0.0,0.0,0.0,1,0.9264,0.9390629529953003
122.png,70.48936655675267,3.2823486328125,0.0,0.0,2,0.2662,0.43300530314445496
123.png,69.88430398235089,7.5042724609375,0.0,0.0,2,0.2566,0.5134714841842651
124.png,69.17507215688406,61.2613525390625,0.0,0.0,0,0.1419,0.0
125.png,71.34757951927571,60.64428710937499,0.0,0.0,0,0.1296,0.0
126.png,71.3380533754557,34.54833984375,0.0,0.0,1,0.0903,0.8901437520980835
127.png,61.79018878173142,36.2232666015625,0.0,0.0,0,0.161,0.0
128.png,61.1368355965228,0.0,0.001220703125,0.0,3,0.1148,0.8901441693305969
129.png,63.82274474846443,0.0020751953125,0.0445556640625,0.5760946273803711,0,0.9034,0.0
130.png,63.8921702908775,12.9725341796875,0.6864013671875,0.29442116618156433,1,0.9101,0.7409695386886597
131.png,57.138182069857685,0.0,0.0,0.6905282735824585,0,0.8638,0.0
132.png,44.29181609771557,0.0,0.0,0.0,0,0.8679,0.0
133.png,60.58798623163938,3.1358642578125,0.0,0.0,0,0.9098,0.0
134.png,47.583887380489216,1.6182861328125,0.0,0.0,1,0.8919,0.910453200340271
135.png,50.852997228050555,0.0,0.0,0.0,0,0.5301,0.0
136.png,40.82150188694711,0.0,0.1854248046875,0.0,1,0.7966,0.9405191540718079
137.png,59.54606217637412,0.3394775390625,0.0,0.0,0,0.9164,0.0
138.png,60.28087893768315,0.388671875,0.0,0.0,2,0.8754,0.9442041516304016
139.png,57.74939044077424,0.8079833984375,0.0,0.0,4,0.9016,0.9345595836639404
140.png,72.19888586151562,0.0,0.0,0.0,4,0.8906,0.9479054808616638
141.png,85.0605387074004,6.2587890625,0.0,0.0,3,0.8642,0.48626217246055603
142.png,69.40512730253467,0.4713134765625,0.0,0.25950974225997925,0,0.9069,0.0
143.png,65.964603836835,0.0,0.0,0.0,1,0.9091,0.9637508392333984
144.png,66.44961554056002,0.0,0.0,0.0,4,0.9083,0.722357988357544
145.png,67.87434118522054,0.0,0.0,0.0,2,0.9097,0.7211694121360779
146.png,66.65618696924254,0.0225830078125,0.0,0.0,1,0.9111,0.916955828666687
147.png,48.86126878125513,0.0,0.0,0.0,2,0.9124,0.9113959074020386
148.png,62.764781826444974,1.659423828125,0.0,0.0,1,0.9085,0.48629844188690186
149.png,48.790178174698,0.3370361328125,0.0,0.0,2,0.888,0.6487960815429688
150.png,66.7621690494008,2.783447265625,0.0,0.0,2,0.883,0.4740949869155884
151.png,71.36339890163522,0.000244140625,0.0,0.5978401899337769,1,0.8909,0.8926669955253601
152.png,59.43954189381888,0.0,0.0,0.6759252548217773,1,0.8681,0.9271721839904785
153.png,44.06694409140109,0.0,0.0,0.0,2,0.8387,0.5368083119392395
154.png,58.832163027792795,0.1810302734375,0.0,0.0,2,0.8406,0.9278546571731567
155.png,60.75575394284331,0.0,0.0,0.0,2,0.8417,0.9584988951683044
156.png,58.92433185008592,0.0,0.0,0.0,0,0.8999,0.0
157.png,52.61804954296802,0.139892578125,0.0,0.0,0,0.9145,0.0
158.png,58.81329413310681,9.2215576171875,0.0208740234375,0.4420401453971863,0,0.8992,0.0
159.png,56.07258693877084,4.6708984375,0.0,0.9030200839042664,0,0.9026,0.0
160.png,71.54484652715554,0.0,0.005126953125,0.0,0,0.9173,0.0
161.png,69.2341955705858,0.0,0.0,0.0,0,0.9057,0.0
162.png,76.02752901895315,0.0,0.0,0.0,1,0.9104,0.95750492811203
163.png,58.40721161049912,0.0,0.0,0.0,0,0.9102,0.0
164.png,53.55558758354298,0.0875244140625,0.0,0.4247048497200012,0,0.8838,0.0
165.png,50.20481352532496,0.0,0.0,0.0,0,0.8834,0.0
166.png,69.74393868128011,1.7087402343749998,0.0,0.0,2,0.8983,0.9592758417129517
167.png,63.81570422900972,0.0015869140625,0.0,0.0,1,0.8839,0.936006486415863
168.png,70.03058587078192,14.841796874999998,0.0,0.0,3,0.9029,0.9526574611663818
169.png,54.17004795807401,0.0,0.0,0.0,0,0.8598,0.0
170.png,60.730187295134584,1.837890625,0.0,0.0,0,0.7984,0.0
171.png,53.488278483564116,1.2724609375,0.005615234375,0.0,1,0.9069,0.9617084860801697
172.png,70.08165134850326,2.199951171875,0.025390625,0.0,1,0.7256,0.935452938079834
173.png,75.41870102083668,0.6326904296875,0.0,0.0,1,0.8763,0.9526330232620239
174.png,58.96804342249207,0.0,0.0,0.0,2,0.8651,0.9357430338859558
175.png,71.5506458683502,0.0,0.0,0.31461742520332336,0,0.7627,0.0
176.png,73.7955830665962,0.5113525390625,0.0,0.0,0,0.8463,0.0
177.png,52.24426063869442,0.0,0.0,0.0,0,0.9015,0.0
178.png,51.55330236039767,0.0,0.0,0.0,0,0.891,0.0
179.png,71.38305671411608,0.0,0.0,0.0,4,0.8915,0.9612669944763184
180.png,62.83211184111416,0.181884765625,0.0,0.0,2,0.8949,0.8200216889381409
181.png,72.5340083224999,0.0003662109375,0.0,0.0,4,0.864,0.9191308617591858
182.png,52.94836535662861,14.503662109375002,2.8740234375,0.0,3,0.9015,0.58937668800354
183.png,69.18417571966775,19.9954833984375,0.001953125,0.3450317978858948,1,0.8822,0.7356979846954346
184.png,46.86532561299728,2.5980224609375,0.0,0.0,4,0.9127,0.9362725615501404
185.png,71.32555540924555,0.0,0.0,0.0,0,0.8588,0.0
186.png,70.47734385835915,0.0,0.0,0.26511648297309875,0,0.8975,0.0
187.png,69.03054501369758,0.0,0.0,0.0,2,0.9011,0.9221751689910889
188.png,58.588479674883295,0.0,0.0,0.0,6,0.8658,0.5241094827651978
189.png,59.27544325004917,20.9461669921875,3.9671630859375,0.0,2,0.8476,0.852188229560852
190.png,69.17414426929265,4.55029296875,0.0,0.0,0,0.8534,0.0
191.png,62.20253500553114,0.0103759765625,0.0,0.0,1,0.8034,0.9198017120361328
192.png,59.660864935661465,0.0,0.0,0.0,1,0.8638,0.9034223556518555
193.png,58.33881425748652,0.05517578124999999,0.0,0.0,0,0.8875,0.0
194.png,60.70641791534581,0.0,0.0,0.0,0,0.7523,0.0
195.png,58.304368180269236,0.0040283203125,0.0,0.0,0,0.9147,0.0
196.png,56.17691548235593,9.665283203125,1.4171142578125,0.0,1,0.2457,0.9660961627960205
197.png,60.3311384655818,0.35546875,0.3311767578125,0.0,1,0.1591,0.869814932346344
198.png,62.91265237940413,1.9013671875,0.0391845703125,0.0,1,0.1357,0.9819382429122925
199.png,60.47557907397567,32.5760498046875,1.556640625,0.0,0,0.1398,0.0
200.png,53.14808655796259,0.0,0.2088623046875,0.0,1,0.1277,0.9614894390106201
201.png,80.20570503477178,21.377685546875,8.0816650390625,0.8223716020584106,1,0.1239,0.9224558472633362
202.png,78.819752304796,19.1236572265625,9.881103515625,0.4301379919052124,1,0.1029,0.8375562429428101
203.png,50.96049268953021,1.7381591796874998,0.0,0.0,1,0.1346,0.9569477438926697
204.png,60.34989516135611,7.2667236328125,0.0,0.0,0,0.1649,0.0
205.png,49.71763247327534,0.204833984375,0.0,0.0,0,0.2539,0.0
206.png,64.34328347406728,0.205078125,0.72509765625,0.0,1,0.1278,0.9614331126213074
207.png,69.13436110653561,0.0,0.0,0.0,1,0.1268,0.9785696268081665
208.png,69.49566219733377,1.9406738281249998,0.097412109375,0.0,1,0.209,0.9500009417533875
209.png,65.01714274511964,0.000244140625,2.002685546875,0.0,2,0.1444,0.9743090271949768
210.png,68.49772108343107,0.0,0.0,0.0,1,0.1481,0.7611468434333801
211.png,66.03480127350724,0.3411865234375,0.0010986328125,0.0,0,0.2767,0.0
212.png,56.416797183631026,4.079345703125,0.4581298828125,0.0,0,0.1229,0.0
213.png,71.54272136394847,14.885131835937502,5.9405517578125,0.7991167306900024,1,0.8232,0.9430422782897949
214.png,59.19781720536138,0.3707275390625,0.0,0.0,0,0.2212,0.0
215.png,75.33407713326889,3.7120361328124996,0.0,0.3654978275299072,0,0.1663,0.0
216.png,65.22003332021328,0.0364990234375,6.6441650390625,0.6877373456954956,1,0.862,0.9611491560935974
217.png,73.25605407680824,35.306884765625,1.7376708984375,0.5773424506187439,6,0.8885,0.929455578327179
218.png,69.11717844676086,44.7542724609375,3.9150390625000004,0.0,7,0.852,0.9433940649032593
219.png,81.77100893944508,26.40380859375,2.2257080078125,0.4027419090270996,1,0.1691,0.8490316867828369
220.png,55.78707635302996,28.523681640625,0.0003662109375,0.8267632126808167,1,0.8949,0.8847958445549011
221.png,57.25940028012874,12.517089843750002,0.0,0.0,1,0.317,0.906791627407074
222.png,46.9083984866796,0.0,0.0,0.0,1,0.1432,0.96123206615448
223.png,74.63015080851588,13.2657470703125,3.0518798828125,0.0,1,0.8978,0.9756103754043579
224.png,64.9699634833347,0.580078125,12.4188232421875,0.0,1,0.8482,0.9569219946861267
225.png,73.70229649382829,22.47509765625,0.0335693359375,0.0,1,0.8633,0.9427419900894165
226.png,72.54237068858026,0.0,0.0,0.0,0,0.2743,0.0
227.png,62.79364583681833,0.089599609375,0.0,0.0,1,0.1762,0.6695914268493652
228.png,60.96171060487171,5.0433349609375,0.0,0.0,0,0.3431,0.0
229.png,74.64508061883676,4.3443603515625,1.0101318359375,0.0,1,0.8732,0.9801170229911804
230.png,74.57653637201216,6.867919921875,0.077392578125,0.0,1,0.8961,0.964201807975769
231.png,63.24562838254645,0.6514892578125,2.835693359375,0.3312995135784149,1,0.8912,0.943155825138092
232.png,70.90031350242907,1.32958984375,0.0042724609375,0.0,1,0.8783,0.975521981716156
233.png,68.56787966156989,11.2213134765625,0.13671875,0.3678191900253296,1,0.8451,0.9680320024490356
234.png,66.11163985442575,3.3100585937500004,0.068359375,0.6137374639511108,1,0.7616,0.9469207525253296
235.png,54.84822700286583,0.23425292968750003,0.0,0.0,3,0.1909,0.8705156445503235
236.png,55.113092501160516,0.0,0.0,0.0,2,0.1549,0.9794991612434387
237.png,63.08888513294946,13.056884765624998,0.8261718750000001,0.0,1,0.0944,0.923891007900238
238.png,62.88099548841325,4.4346923828125,0.565185546875,0.0,1,0.1116,0.9759938716888428
239.png,56.62137138903621,3.14794921875,0.0,0.0,1,0.1103,0.9709002375602722
240.png,72.29674092061427,0.01220703125,0.1328125,0.0,4,0.6819,0.9481403231620789
241.png,59.256767401280065,0.0,0.0284423828125,0.0,3,0.7023,0.9624788761138916
242.png,66.81252104050793,0.000732421875,0.0360107421875,0.0,2,0.773,0.9081860780715942
243.png,68.24356121519979,0.0,0.0,0.0,1,0.8741,0.8699063658714294
244.png,49.20072240366467,7.1044921875,0.0,0.0,0,0.8792,0.0
245.png,63.69154132063821,23.870849609375,0.0,0.0,1,0.0658,0.7410793900489807
246.png,49.83208379289486,22.5823974609375,0.0,0.0,1,0.0799,0.9535780549049377
247.png,64.38190900702425,8.2757568359375,0.0,0.0,1,0.1092,0.9111421704292297
248.png,60.64793328666037,2.0277099609375,0.0,0.0,1,0.0946,0.438761442899704
249.png,56.55667649537813,56.43847656249999,0.0,0.0,0,0.754,0.0
250.png,69.38555516494439,20.46337890625,0.0,0.0,1,0.0699,0.36390313506126404
251.png,61.998984159216825,37.930419921875,0.0,0.0,1,0.0857,0.941960334777832
252.png,61.91765919521552,55.0347900390625,0.0,0.0,1,0.0817,0.8581235408782959
253.png,64.67574457887595,36.2955322265625,0.007568359375,0.0,1,0.079,0.9494641423225403
254.png,58.41019573772241,21.435302734375,0.0,0.0,1,0.0892,0.9179266095161438
255.png,65.77626567109209,4.88818359375,0.0,0.0,1,0.0885,0.5604236721992493
256.png,67.83708008196314,10.3326416015625,0.0,0.0,2,0.8454,0.2653116285800934
257.png,64.02393307258777,13.6441650390625,0.0,0.0,1,0.8552,0.8058124780654907
258.png,70.95639383002843,22.31494140625,0.0,0.637403130531311,1,0.8078,0.8398045897483826
259.png,72.40837652114985,1.3197021484375,0.0,0.0,0,0.7381,0.0
260.png,80.84736287756674,2.5343017578125,0.0,0.0,1,0.718,0.9326731562614441
261.png,66.22577255259661,14.950927734375,0.0,0.9664736986160278,1,0.8199,0.9407121539115906
262.png,60.691973236966156,24.01513671875,0.0,0.9653330445289612,2,0.8547,0.3771924674510956
263.png,66.71588800151656,23.3687744140625,0.0,0.5388796329498291,0,0.8695,0.0
264.png,68.3574944116624,35.3790283203125,0.0,0.0,1,0.8845,0.7503807544708252
265.png,70.34581663457514,9.73828125,0.0159912109375,0.0,1,0.8599,0.829334557056427
266.png,68.4130051201236,20.8087158203125,0.0,0.0,1,0.8188,0.5391291975975037
267.png,61.51020171329905,7.0438232421875,0.0,0.0,1,0.1768,0.9337503910064697
268.png,76.13573740117522,16.7149658203125,0.0,0.0,1,0.1169,0.7981168627738953
269.png,65.36203286543936,0.0,0.0,0.0,1,0.6231,0.9259399771690369
270.png,60.593176363548515,18.1737060546875,0.0,0.0,1,0.4392,0.251954585313797
271.png,73.68958113241477,9.605712890625,0.0,0.0,1,0.0868,0.9407871961593628
272.png,66.83266130505713,16.41455078125,0.0,0.0,2,0.065,0.4566972553730011
273.png,70.47599787181466,9.6427001953125,0.0,0.0,1,0.077,0.960954487323761
274.png,64.29194378249669,0.0,0.0,0.0,1,0.8702,0.9391812086105347
275.png,73.12433497880156,24.1007080078125,0.0,0.0,2,0.1051,0.579903244972229
276.png,68.2780400590507,2.250244140625,0.0,0.0,1,0.0789,0.6727210879325867
277.png,68.2462680227672,1.3466796875,0.0,0.0,1,0.0673,0.8182389140129089
278.png,76.48959850325579,7.940673828125,0.0,0.0,1,0.105,0.9209304451942444
279.png,70.28845435809617,2.2181396484375,0.0,0.0,1,0.0721,0.9031485319137573
280.png,70.95955568788283,13.853637695312502,0.0,0.0,1,0.0609,0.3694763779640198
281.png,71.76662467477684,8.2669677734375,0.0,0.0,1,0.785,0.3654339015483856
282.png,71.2706734725741,1.2459716796875,0.0,0.0,1,0.6485,0.9397011399269104
283.png,63.289039460694134,0.0,0.0,0.0,1,0.8548,0.8365511894226074
284.png,67.3605599837806,3.6214599609375,0.026123046875,0.0,1,0.099,0.8979133367538452
285.png,67.73900317554308,0.41003417968750006,0.0,0.0,1,0.1126,0.9418963193893433
286.png,60.41398022457615,0.000244140625,0.0,0.0,1,0.099,0.6047309041023254
287.png,59.704362273669076,0.0,0.03173828125,0.0,1,0.8195,0.9576221108436584
288.png,55.513713106799074,0.0,0.0,0.0,1,0.8884,0.6882799863815308
289.png,67.66035460147157,0.3289794921875,0.0,0.0,1,0.1312,0.43561452627182007
290.png,68.3740071013998,0.510009765625,0.0,0.0,1,0.0959,0.9387984275817871
291.png,67.06985649975617,0.0,0.0,0.0,1,0.8316,0.9634560942649841
292.png,66.87894925932291,0.0,0.0,0.0,2,0.1222,0.4406714141368866
293.png,61.11513365392923,0.00927734375,0.0,0.0,3,0.8903,0.911479651927948
294.png,57.72173311215889,0.0,0.0013427734375,0.0,1,0.9001,0.6494155526161194
295.png,70.31045126022183,1.7092285156250002,0.0115966796875,0.0,1,0.0815,0.9411400556564331
296.png,71.931711788946,20.04736328125,0.0,0.0,1,0.0859,0.31533145904541016
297.png,69.7653775865725,18.201171875,0.0,0.0,2,0.0797,0.6662012338638306
298.png,76.9415678739563,4.01953125,0.0,0.0,1,0.0666,0.9564237594604492
299.png,74.67569840439025,0.0003662109375,0.0,0.0,1,0.0899,0.4282100796699524
300.png,72.66283562288795,1.6800537109375,0.0,0.0,1,0.0874,0.4169728457927704
301.png,60.43792761207506,0.0377197265625,0.03369140625,0.0,1,0.0901,0.9461795091629028
302.png,65.44400874367562,4.830078125,0.0,0.0,1,0.0919,0.5574653148651123
303.png,56.941713932183426,0.0,0.0,0.0,1,0.2748,0.9717469811439514
304.png,62.374697158270436,1.4896240234375,0.0,0.0,1,0.3819,0.9377017021179199
305.png,72.82735436889399,0.647216796875,0.0384521484375,0.0,1,0.8647,0.8636888265609741
306.png,71.95112295624966,4.93896484375,0.0,0.0,2,0.8672,0.7097980976104736
307.png,67.43864591395604,37.3626708984375,0.0,0.0,1,0.7483,0.9481338858604431
308.png,69.65138331390783,14.787353515625002,0.0052490234375,0.0,2,0.0777,0.69332355260849
309.png,72.01821493687889,29.80224609375,0.0,0.0,1,0.0669,0.46912550926208496
310.png,72.38637074355063,36.5335693359375,0.0,0.0,1,0.0742,0.9217332601547241
311.png,69.56621405091089,2.957763671875,0.0107421875,0.0,1,0.0801,0.9706839323043823
312.png,71.34956780709288,22.3787841796875,0.0,0.2557014226913452,2,0.0625,0.6648270487785339
313.png,70.21033813101502,18.363525390625,0.078125,0.0,1,0.091,0.9716478586196899
314.png,73.05702732605928,4.8961181640625,0.0291748046875,0.0,2,0.1045,0.7727229595184326
315.png,57.067997281718014,4.9354248046875,0.0,0.0,1,0.7046,0.9478964805603027
316.png,55.70866185697669,0.0,0.0,0.0,1,0.8272,0.39801016449928284
317.png,68.58007961029497,3.1021728515625,0.0,0.0,1,0.0643,0.7966180443763733
318.png,72.17110045483048,9.0455322265625,0.0,0.0,1,0.0867,0.9227507710456848
319.png,79.57770293446734,11.74072265625,0.0,0.0,1,0.0695,0.5740774273872375
320.png,66.1260237894173,3.3275146484374996,0.0,0.0,1,0.8392,0.904620349407196
321.png,67.07486134405478,6.876953125,0.0,0.0,2,0.4815,0.8989231586456299
322.png,69.93836396453965,0.265625,0.0,0.0,1,0.0805,0.9690876603126526
323.png,70.38471471620593,0.0484619140625,0.0,0.0,1,0.1076,0.6947372555732727
324.png,68.48414801237098,9.0367431640625,0.0,0.0,1,0.0707,0.7309122681617737
325.png,72.97345975281769,3.9053955078125,0.0,0.7341286540031433,1,0.0843,0.9320436120033264
326.png,67.66266205498576,1.6407470703125,0.1392822265625,0.35439878702163696,1,0.0871,0.9484246969223022
327.png,72.57591679534649,39.09814453125,0.0,0.0,1,0.067,0.9367029070854187
328.png,65.24344096571379,29.129394531250004,0.0,0.48388516902923584,1,0.067,0.8938481211662292
329.png,60.205124225607,15.873535156249998,0.0,0.0,1,0.0899,0.9417893290519714
330.png,70.28920709949246,29.3990478515625,0.0,0.0,1,0.0696,0.618847668170929
331.png,70.61453048069536,2.48046875,0.017578125,0.0,1,0.079,0.9587394595146179
332.png,72.01881228585827,54.1080322265625,0.0,0.0,1,0.0762,0.38958919048309326
333.png,64.06750761917398,0.08203125,0.0,0.0,1,0.0847,0.9341040253639221
334.png,62.22336294583866,1.8572998046875,0.0,0.0,1,0.1179,0.4338933527469635
335.png,69.16917482657966,23.6263427734375,0.0,0.0,1,0.0726,0.9353174567222595
336.png,71.4166596173476,34.9598388671875,0.0,0.8909769654273987,1,0.1441,0.31182536482810974
337.png,65.53201477438043,0.0,0.0,0.0,1,0.1159,0.9627253413200378
338.png,61.81826763429697,8.3084716796875,0.0,0.0,2,0.1022,0.5140541195869446
339.png,55.35631641078512,8.4515380859375,13.39013671875,0.0,1,0.6046,0.7105847597122192
340.png,55.35631641078512,8.4515380859375,13.39013671875,0.0,1,0.6046,0.7105847597122192
341.png,65.56717354714806,0.0,0.0,0.0,2,0.7877,0.8361993432044983
342.png,65.56717354714806,0.0,0.0,0.0,2,0.7877,0.8361993432044983
343.png,65.56717354714806,0.0,0.0,0.0,2,0.7877,0.8361993432044983
344.png,59.718029775768976,2.6717529296875,0.0,0.2566583752632141,1,0.3846,0.8671464920043945
345.png,59.718029775768976,2.6717529296875,0.0,0.2566583752632141,1,0.3846,0.8671464920043945
346.png,59.718029775768976,2.6717529296875,0.0,0.2566583752632141,1,0.3846,0.8671464920043945
347.png,71.12188257207953,23.67919921875,2.9957275390625,0.9005105495452881,2,0.909,0.9460538029670715
348.png,71.12188257207953,23.67919921875,2.9957275390625,0.9005105495452881,2,0.909,0.9460538029670715
349.png,71.12188257207953,23.67919921875,2.9957275390625,0.9005105495452881,2,0.909,0.9460538029670715
350.png,67.87851855129524,10.6395263671875,0.0,0.9365265369415283,3,0.9084,0.9235300421714783
351.png,67.87851855129524,10.6395263671875,0.0,0.9365265369415283,3,0.9084,0.9235300421714783
352.png,67.87851855129524,10.6395263671875,0.0,0.9365265369415283,3,0.9084,0.9235300421714783
353.png,67.8650825477895,0.513916015625,0.0,0.0,0,0.812,0.0
354.png,67.8650825477895,0.513916015625,0.0,0.0,0,0.812,0.0
355.png,67.8650825477895,0.513916015625,0.0,0.0,0,0.812,0.0
356.png,67.8650825477895,0.513916015625,0.0,0.0,0,0.812,0.0
357.png,46.75193810457378,0.0,0.0,0.0,2,0.9101,0.9405844211578369
358.png,46.75193810457378,0.0,0.0,0.0,2,0.9101,0.9405844211578369
359.png,46.75193810457378,0.0,0.0,0.0,2,0.9101,0.9405844211578369
360.png,37.826976211468136,1.4068603515625,0.0,0.0,1,0.9071,0.9217691421508789
361.png,37.826976211468136,1.4068603515625,0.0,0.0,1,0.9071,0.9217691421508789
362.png,37.826976211468136,1.4068603515625,0.0,0.0,1,0.9071,0.9217691421508789
363.png,49.18026409066334,0.250732421875,0.0,0.0,3,0.9092,0.9419719576835632
364.png,49.18026409066334,0.250732421875,0.0,0.0,3,0.9092,0.9419719576835632
365.png,49.18026409066334,0.250732421875,0.0,0.0,3,0.9092,0.9419719576835632
366.png,70.08678013473784,9.7191162109375,0.0,0.0,0,0.7509,0.0
367.png,70.08678013473784,9.7191162109375,0.0,0.0,0,0.7509,0.0
368.png,70.08678013473784,9.7191162109375,0.0,0.0,0,0.7509,0.0
369.png,68.20909129275401,4.618896484375,1.5133056640625,0.0,0,0.8658,0.0
370.png,68.20909129275401,4.618896484375,1.5133056640625,0.0,0,0.8658,0.0
371.png,59.4923023098167,0.85009765625,0.0,0.5342776775360107,0,0.378,0.0
372.png,59.4923023098167,0.85009765625,0.0,0.5342776775360107,0,0.378,0.0
373.png,59.4923023098167,0.85009765625,0.0,0.5342776775360107,0,0.378,0.0
374.png,74.7610604856589,0.038818359375,0.0,0.45602792501449585,0,0.9153,0.0
375.png,74.7610604856589,0.038818359375,0.0,0.45602792501449585,0,0.9153,0.0
376.png,74.7610604856589,0.038818359375,0.0,0.45602792501449585,0,0.9153,0.0
377.png,71.80585140911634,0.5872802734375,0.0,0.7354182600975037,0,0.9135,0.0
378.png,71.80585140911634,0.5872802734375,0.0,0.7354182600975037,0,0.9135,0.0
379.png,71.80585140911634,0.5872802734375,0.0,0.7354182600975037,0,0.9135,0.0
380.png,72.72889669387057,41.620361328125,5.8544921875,0.0,0,0.148,0.0
381.png,72.72889669387057,41.620361328125,5.8544921875,0.0,0,0.148,0.0
382.png,72.72889669387057,41.620361328125,5.8544921875,0.0,0,0.148,0.0
383.png,71.46204124842738,31.284179687500004,7.68701171875,0.0,5,0.3651,0.45133548974990845
384.png,71.46204124842738,31.284179687500004,7.68701171875,0.0,5,0.3651,0.45133548974990845
385.png,71.46204124842738,31.284179687500004,7.68701171875,0.0,5,0.3651,0.45133548974990845
386.png,74.82246689912829,0.0,0.0,0.0,4,0.9023,0.8285988569259644
387.png,74.82246689912829,0.0,0.0,0.0,4,0.9023,0.8285988569259644
388.png,74.82246689912829,0.0,0.0,0.0,4,0.9023,0.8285988569259644
389.png,58.12329125246285,0.0,0.0,0.0,3,0.9244,0.7945022583007812
390.png,58.12329125246285,0.0,0.0,0.0,3,0.9244,0.7945022583007812
391.png,58.12329125246285,0.0,0.0,0.0,3,0.9244,0.7945022583007812
392.png,50.95095129466417,0.0,0.26904296875,0.0,2,0.9136,0.7027683854103088
393.png,50.95095129466417,0.0,0.26904296875,0.0,2,0.9136,0.7027683854103088
394.png,50.95095129466417,0.0,0.26904296875,0.0,2,0.9136,0.7027683854103088
395.png,44.898524146883396,0.0,0.0,0.0,0,0.199,0.0
396.png,44.898524146883396,0.0,0.0,0.0,0,0.199,0.0
397.png,44.898524146883396,0.0,0.0,0.0,0,0.199,0.0
398.png,45.804439797394586,1.279296875,0.0,0.0,5,0.8875,0.8344500064849854
399.png,45.804439797394586,1.279296875,0.0,0.0,5,0.8875,0.8344500064849854
400.png,45.804439797394586,1.279296875,0.0,0.0,5,0.8875,0.8344500064849854
401.png,50.51236656088454,10.8074951171875,0.0,0.0,1,0.9071,0.7220181822776794
402.png,50.51236656088454,10.8074951171875,0.0,0.0,1,0.9071,0.7220181822776794
403.png,50.51236656088454,10.8074951171875,0.0,0.0,1,0.9071,0.7220181822776794
404.png,53.72946882407404,36.0682373046875,11.3876953125,0.0,1,0.6625,0.9045326709747314
405.png,53.72946882407404,36.0682373046875,11.3876953125,0.0,1,0.6625,0.9045326709747314
406.png,53.72946882407404,36.0682373046875,11.3876953125,0.0,1,0.6625,0.9045326709747314
407.png,70.35829188750928,2.9312744140625,7.065795898437501,0.0,0,0.8267,0.0
408.png,71.04884874481975,4.970703125,2.4969482421875,0.0,1,0.8535,0.8978216648101807
409.png,54.51638195832632,13.182861328125,1.7664794921875,0.2878227233886719,0,0.6006,0.0
410.png,54.51638195832632,13.182861328125,1.7664794921875,0.2878227233886719,0,0.6006,0.0
411.png,61.853383209998576,8.3978271484375,0.094482421875,0.0,8,0.7084,0.6894932389259338
412.png,61.853383209998576,8.3978271484375,0.094482421875,0.0,8,0.7084,0.6894932389259338
413.png,59.68692155295859,0.02294921875,0.000732421875,0.0,1,0.9159,0.8885159492492676
414.png,63.86994073752005,0.0,0.0179443359375,0.0,1,0.921,0.8713579177856445
415.png,61.43474453675863,11.822509765625,0.0,0.0,2,0.8915,0.9355626106262207
416.png,61.43474453675863,11.822509765625,0.0,0.0,2,0.8915,0.9355626106262207
417.png,63.37568227675136,27.456054687499996,0.0,0.0,1,0.9115,0.9221147894859314
418.png,63.37568227675136,27.456054687499996,0.0,0.0,1,0.9115,0.9221147894859314
419.png,62.73644409405803,0.0,0.0,0.0,3,0.508,0.572965681552887
420.png,62.73644409405803,0.0,0.0,0.0,3,0.508,0.572965681552887
421.png,57.31668446006223,0.0,0.0,0.0,0,0.9201,0.0
422.png,57.278081314105165,0.0,0.0,0.0,0,0.907,0.0
423.png,57.278081314105165,0.0,0.0,0.0,0,0.907,0.0
424.png,67.17307306618466,30.4473876953125,8.9249267578125,0.0,2,0.1853,0.805136501789093
425.png,67.17307306618466,30.4473876953125,8.9249267578125,0.0,2,0.1853,0.805136501789093
426.png,67.17307306618466,30.4473876953125,8.9249267578125,0.0,2,0.1853,0.805136501789093
427.png,69.85101925343677,3.3563232421875,0.0,0.3032125234603882,2,0.8716,0.8947051763534546
428.png,69.85101925343677,3.3563232421875,0.0,0.3032125234603882,2,0.8716,0.8947051763534546
429.png,67.2994378322155,14.057373046875,6.2171630859375,0.0,6,0.7962,0.8943650126457214
430.png,60.16674255556018,28.540893554687504,0.0047607421875,0.0,1,0.8866,0.620442807674408
431.png,59.73733069878434,0.0,1.5433349609375,0.6522697806358337,2,0.9307,0.47751232981681824
432.png,69.85101925343677,3.3563232421875,0.0,0.3032125234603882,2,0.8716,0.8947051763534546
433.png,74.82246689912829,0.0,0.0,0.0,4,0.9023,0.8285988569259644
434.png,65.22249257844014,4.59228515625,0.4029541015625,0.0,5,0.8994,0.9619816541671753
435.png,59.80678772841152,1.3572998046875,0.0,0.0,0,0.8674,0.0
436.png,67.24762790142714,28.2557373046875,0.33251953125,0.0,2,0.9183,0.9272037744522095
437.png,67.40837982553647,0.39428710937499994,16.67236328125,0.8802275061607361,1,0.9018,0.8322534561157227
438.png,79.93428588801578,15.690917968750002,14.474853515625,0.462092787027359,1,0.9301,0.8919146656990051
439.png,64.32081881136041,3.389892578125,25.677612304687504,0.0,1,0.9217,0.9317396879196167
440.png,63.046821558783414,6.8558349609375,15.0565185546875,0.0,1,0.929,0.7611938118934631
441.png,72.28845362415606,17.8941650390625,8.615478515625,0.0,1,0.9197,0.6380602121353149
442.png,84.2436797418696,9.40771484375,8.02880859375,0.0,2,0.8951,0.9076814651489258
443.png,84.80044425844183,7.886718750000001,0.013549804687500002,0.0,1,0.86,0.791597306728363
444.png,81.02845865647241,6.5244140625,0.0028076171875,0.0,2,0.9075,0.7039512991905212
445.png,78.62933487977966,8.4776611328125,0.0274658203125,0.0,1,0.9095,0.28677961230278015
446.png,81.96357771905363,15.21923828125,0.0,0.0,0,0.8872,0.0
447.png,90.48077272002327,24.15380859375,4.406982421875,0.0,1,0.9204,0.38526642322540283
448.png,79.08916095631284,12.5360107421875,1.6639404296875,0.0,1,0.9312,0.9153909683227539
449.png,71.27614649700178,10.896484375,1.055908203125,0.0,1,0.9292,0.9019586443901062
450.png,62.155875277746304,1.8089599609375,5.8265380859375,0.0,0,0.9203,0.0
451.png,58.618243585766805,0.071533203125,10.5382080078125,0.0,0,0.9225,0.0
452.png,59.668400153934336,2.2742919921875,6.4342041015625,0.0,0,0.9179,0.0
453.png,79.31502416061763,27.13671875,1.255859375,0.0,0,0.9201,0.0
454.png,79.52267578134806,25.885620117187504,1.2579345703125,0.0,0,0.9129,0.0
455.png,73.63773492532127,15.2730712890625,0.126220703125,0.0,0,0.9099,0.0
456.png,72.8159598789968,0.0087890625,0.35302734375,0.0,0,0.9272,0.0
457.png,60.99648829827949,2.4271240234375,0.2611083984375,0.0,0,0.9158,0.0
458.png,78.84655761447125,18.4359130859375,15.3043212890625,0.0,1,0.9195,0.9310808181762695
459.png,74.50118919874492,6.07080078125,3.8609619140625004,0.0,1,0.9132,0.8627421259880066
460.png,52.73710570694733,1.70703125,8.7537841796875,0.0,0,0.9221,0.0
461.png,56.34099259574752,3.8265380859375004,12.8175048828125,0.0,0,0.9113,0.0
462.png,63.087120287552054,4.3216552734375,15.9169921875,0.0,0,0.9132,0.0
463.png,58.01720238712349,7.8028564453125,15.369750976562498,0.0,0,0.8272,0.0
464.png,57.82852578040538,9.4791259765625,19.8653564453125,0.0,0,0.9181,0.0
465.png,56.42465545640698,8.146240234375,15.119384765625,0.0,0,0.9232,0.0
466.png,78.91577361076472,20.4273681640625,12.36767578125,0.0,8,0.8874,0.7611217498779297
467.png,78.38954236904968,11.978515625,13.48974609375,0.0,7,0.9174,0.8686738610267639
468.png,77.7244019547371,14.5843505859375,13.682739257812502,0.0,7,0.8924,0.8393824696540833
469.png,81.66328379358748,28.380615234375,11.16455078125,0.0,5,0.8947,0.8442800641059875
470.png,64.62640210255137,0.0120849609375,0.0,0.0,0,0.9087,0.0
471.png,65.04884276955447,0.4573974609375,0.0,0.0,0,0.9066,0.0
472.png,54.99491603150132,0.0,0.20849609374999997,0.0,0,0.9191,0.0
473.png,58.206683612397,2.610107421875,0.0970458984375,0.0,0,0.9249,0.0
474.png,58.39686981938078,2.585205078125,0.0240478515625,0.0,0,0.9244,0.0
475.png,64.87606906203426,1.150146484375,0.0,0.0,0,0.9256,0.0
476.png,60.67604607022532,2.3109130859375,0.0,0.44186511635780334,0,0.9272,0.0
477.png,75.78172248936724,0.0,0.0,0.0,3,0.3289,0.9360277056694031
478.png,71.12403131462062,1.7723388671875,0.0,0.0,2,0.4012,0.8886939287185669
479.png,71.2403132039353,1.9461669921875,16.7244873046875,0.28513863682746887,0,0.8615,0.0
480.png,62.7927997761497,5.1512451171875,4.515869140625,0.3875381648540497,1,0.7847,0.36323806643486023
481.png,88.06845332671438,43.0428466796875,24.8116455078125,0.9112418293952942,3,0.8815,0.9181004166603088
482.png,71.03871419640392,11.5732421875,0.0,0.0,1,0.8888,0.8928443193435669
483.png,77.26300692618673,11.504638671875,0.0,0.0,2,0.9254,0.9125180840492249
484.png,78.11448415605506,12.513671874999998,0.0,0.0,2,0.9224,0.89835125207901
485.png,82.21727625804085,11.9049072265625,0.0,0.0,2,0.9209,0.9019107818603516
486.png,76.54737723381884,18.7647705078125,0.0,0.0,5,0.9212,0.9044972658157349
487.png,70.76256931231642,24.979736328125,0.0,0.0,5,0.9247,0.8964532613754272
488.png,71.96365278329517,5.5162353515625,0.0,0.0,6,0.9138,0.9252006411552429
489.png,83.87352263409602,11.9244384765625,0.0701904296875,0.0,1,0.9215,0.9402010440826416
490.png,81.24016443818505,0.3433837890625,0.0,0.0,2,0.9175,0.8731045722961426
491.png,73.96938985989443,0.004150390625,0.0,0.0,3,0.9087,0.9433333873748779
492.png,71.22031980978173,2.15966796875,0.0,0.7625939846038818,5,0.7874,0.8680676221847534
493.png,72.79713986774534,3.20751953125,0.0010986328125,0.0,7,0.9073,0.9175505042076111
494.png,77.73985593427854,0.383544921875,0.0,0.0,7,0.9117,0.846858561038971
495.png,78.4863490020638,23.392822265625,0.0,0.0,3,0.9021,0.869322657585144
496.png,84.46357993943064,32.6932373046875,0.06030273437500001,0.0,0,0.9245,0.0
497.png,70.95530222835072,12.270751953125,0.0792236328125,0.0,1,0.9281,0.3121795356273651
498.png,58.062326870712546,10.8106689453125,0.8231201171875001,0.0,9,0.8372,0.8919137120246887
499.png,69.43557113467196,20.9710693359375,0.020263671875,0.0,1,0.9223,0.36135333776474
500.png,80.93011394599203,24.8773193359375,0.0421142578125,0.0,3,0.9065,0.9000023007392883
501.png,86.49369207471295,24.41064453125,0.5303955078125,0.0,0,0.9161,0.0
502.png,82.56089984686855,24.359375,0.0,0.0,1,0.9086,0.8326213955879211
503.png,83.67831010819155,26.496337890625,0.1405029296875,0.0,1,0.9122,0.7906264662742615
504.png,82.59407766973838,26.912109375,0.960205078125,0.0,0,0.9159,0.0
505.png,82.16602961445511,25.2401123046875,0.6497802734375,0.0,0,0.9081,0.0
506.png,66.32817814829372,0.0,0.0,0.0,2,0.9245,0.7239550948143005
507.png,76.06146058459056,0.0,0.11572265625,0.0,2,0.9209,0.8798399567604065
508.png,74.61075864218981,1.5684814453125,0.8973388671875001,0.7345366477966309,4,0.9232,0.9030157327651978
509.png,74.61075864218981,1.5684814453125,0.8973388671875001,0.7345366477966309,4,0.9232,0.9030157327651978
510.png,64.44936466259009,10.2237548828125,0.0,0.0,1,0.9082,0.8781821727752686
511.png,72.41951984987769,10.5447998046875,0.0201416015625,0.0,1,0.9046,0.8652739524841309
512.png,73.65448228368707,3.28466796875,4.36328125,0.9126363396644592,1,0.9192,0.9443649649620056
513.png,73.98830924002692,1.4183349609375,0.0228271484375,0.0,1,0.9147,0.9406711459159851
514.png,76.38930498888071,2.4031982421875,0.351806640625,0.0,2,0.9206,0.9344083666801453
515.png,67.67977809194224,2.180908203125,0.0455322265625,0.0,3,0.8905,0.8058953285217285
516.png,69.48140394620017,3.2856445312500004,0.005126953125,0.0,2,0.9153,0.8868721723556519
517.png,63.97042527758422,0.0,0.0,0.0,0,0.9233,0.0
518.png,82.26683099522917,4.9228515625,1.4610595703125,0.0,0,0.9225,0.0
519.png,79.7552665432154,15.9642333984375,1.6279296875000002,0.0,3,0.9,0.8863759636878967
520.png,75.21839319023064,22.287353515625,2.368408203125,0.0,0,0.8469,0.0
521.png,82.01634270990075,10.3216552734375,0.0,0.0,6,0.9099,0.8865664005279541
522.png,84.35595980970531,5.3671875,0.0,0.0,2,0.8623,0.8458850383758545
523.png,76.66961272312558,0.0240478515625,0.6773681640625,0.0,5,0.4388,0.9317773580551147
524.png,82.77248423973555,25.73681640625,0.2291259765625,0.0,1,0.8954,0.9061707258224487
525.png,56.93297605867533,6.5552978515625,0.0,0.0,1,0.1483,0.9119318723678589
526.png,63.77384987340723,26.289306640625,4.3836669921875,0.0,1,0.1228,0.9516794681549072
527.png,71.76753779769075,14.1541748046875,6.8995361328125,0.7736064791679382,1,0.1108,0.9224922060966492
528.png,65.4414252740813,37.609619140625,0.8966064453125,0.0,0,0.1057,0.0
529.png,50.85175989341603,9.370849609375,16.758544921875,0.0,1,0.1353,0.9383214712142944
530.png,66.09119227030396,11.3232421875,0.002197265625,0.0,2,0.1151,0.7608962655067444
531.png,62.84131820138887,27.985595703125,1.0584716796875,0.0,0,0.1344,0.0
532.png,62.67674947614526,39.1871337890625,2.2645263671875,0.0,0,0.1558,0.0
533.png,53.11014730187416,16.043212890625,0.0,0.0,1,0.1755,0.9667659401893616
534.png,71.25001729615818,19.2037353515625,0.0013427734375,0.0,1,0.1386,0.9289986491203308
535.png,72.57245296720546,28.935302734375,4.9556884765625,0.6533604264259338,1,0.2727,0.9430782794952393
536.png,64.43868825801162,0.0,0.0,0.0,1,0.2338,0.9563173055648804
537.png,66.23360196613419,4.7021484375,0.0,0.0,1,0.5646,0.5687306523323059
538.png,54.57702217156743,0.0,0.0,0.0,1,0.183,0.956885576248169
539.png,72.3617104095484,2.3167724609375,6.2557373046875,0.0,1,0.1238,0.7224310040473938
540.png,69.02846575818528,12.7037353515625,0.0,0.0,0,0.2008,0.0
541.png,66.29318073723796,16.9022216796875,0.0,0.0,0,0.1717,0.0
542.png,72.14292436486124,6.4609375,0.0009765625,0.0,1,0.1798,0.9363244771957397
543.png,66.60120203607838,0.000244140625,0.0,0.0,0,0.9106,0.0
544.png,70.1664780347218,0.06298828125,0.0,0.0,0,0.879,0.0
545.png,65.80651835944208,0.0,0.0,0.0,0,0.8998,0.0
546.png,71.3165228182173,0.0,0.0,0.0,1,0.8905,0.9591149091720581
547.png,55.188740391557815,0.0,0.0,0.8155474662780762,1,0.2628,0.9485201835632324
548.png,67.3989245369613,6.156005859375,4.30712890625,0.0,0,0.158,0.0
549.png,66.77046168667997,6.0137939453125,1.797607421875,0.0,0,0.1496,0.0
